asset_id,label,nmap_tcpdump_text,bytes_in,bytes_out,pkts_in,pkts_out,flows_5m,uniq_dst,diurnal_ratio,server_role_ratio,port_22,port_80,port_443,proto_tcp,proto_udp
asset_001,server,80/tcp open http Apache httpd 2.4.41,27855092,797233790,289389,257787,114,18,0.736,0.677,0,1,0,0,0
asset_002,workstation,53/udp open domain BIND 9.16.1,250817734,543621108,632262,28824,287,26,0.716,0.701,1,0,1,1,0
asset_003,iot,443/tcp open https nginx 1.18.0,750621470,454778756,357778,292369,79,28,0.957,0.337,0,1,0,1,1
asset_004,network_device,5900/tcp open vnc VNC protocol 3.8,285027113,867647391,46561,766179,235,69,0.125,0.922,0,1,1,0,0
asset_005,server,22/tcp open ssh OpenSSH 8.2p1,711026086,245703907,811620,304445,40,30,0.866,0.38,1,1,0,1,1
asset_006,workstation,53/udp open domain BIND 9.16.1,720595113,287665249,736911,983153,349,83,0.071,0.635,0,0,1,1,1
asset_007,iot,8080/tcp open http-proxy Squid 4.10,236809993,736098955,341035,884794,393,100,0.056,0.822,1,1,1,0,0
asset_008,network_device,5900/tcp open vnc VNC protocol 3.8,941992571,771854579,330963,223955,335,64,0.396,0.915,1,0,1,0,0
asset_009,server,8080/tcp open http-proxy Squid 4.10,579722458,283116655,784300,613982,219,75,0.399,0.219,0,1,0,0,0
asset_010,workstation,443/tcp open https nginx 1.18.0,674715057,172779360,831555,714536,216,77,0.064,0.382,1,1,0,0,1
asset_011,iot,3306/tcp open mysql MySQL 5.7.31,120778234,316143362,456884,166840,232,1,0.954,0.876,1,0,0,1,0
asset_012,network_device,443/tcp open https nginx 1.18.0,402486939,819739736,170396,566579,488,100,0.922,0.918,1,1,0,0,1
asset_013,server,21/tcp open ftp vsftpd 3.0.3,258109965,63196678,253572,921659,290,11,0.086,0.486,0,0,0,1,0
asset_014,workstation,21/tcp open ftp vsftpd 3.0.3,567585408,937767846,637059,444692,493,28,0.929,0.755,0,1,1,1,1
asset_015,iot,8080/tcp open http-proxy Squid 4.10,485779555,130927269,260947,236612,32,44,0.021,0.554,0,0,0,0,0
asset_016,network_device,80/tcp open http Apache httpd 2.4.41,973187337,34729406,902393,347479,36,66,0.238,0.669,0,0,1,0,1
asset_017,server,1883/tcp open mqtt Mosquitto 1.6.9,205451095,102281557,102639,691993,220,46,0.424,0.467,0,0,0,1,1
asset_018,workstation,80/tcp open http Apache httpd 2.4.41,267992705,206718272,200448,563336,229,18,0.422,0.279,0,0,1,0,0
asset_019,iot,8080/tcp open http-proxy Squid 4.10,898677788,16846122,98793,972366,385,31,0.166,0.486,0,1,0,0,1
asset_020,network_device,22/tcp open ssh OpenSSH 8.2p1,420212169,285759615,972524,823157,401,59,0.285,0.697,1,0,0,1,0
asset_021,server,22/tcp open ssh OpenSSH 8.2p1,622890096,790991777,569532,64918,382,41,0.057,0.584,0,0,0,0,0
asset_022,workstation,5900/tcp open vnc VNC protocol 3.8,73972420,726003955,904682,247629,206,16,0.942,0.57,0,0,1,1,1
asset_023,iot,53/udp open domain BIND 9.16.1,720112790,770005091,330445,251280,135,51,0.131,0.646,1,1,0,0,1
asset_024,network_device,5900/tcp open vnc VNC protocol 3.8,605509817,108354053,77819,564750,109,65,0.265,0.933,0,0,1,1,0
asset_025,server,161/udp open snmp SNMPv2c,896226828,584275843,738715,318212,313,84,0.529,0.668,1,0,0,1,0
asset_026,workstation,80/tcp open http Apache httpd 2.4.41,798163846,595019365,163998,286577,144,78,0.211,0.343,1,1,1,0,0
asset_027,iot,1883/tcp open mqtt Mosquitto 1.6.9,891505735,298083132,47228,4717,170,99,0.131,0.98,0,1,1,0,0
asset_028,network_device,80/tcp open http Apache httpd 2.4.41,949228268,742976666,948837,157294,279,5,0.835,0.583,0,1,0,0,1
asset_029,server,3306/tcp open mysql MySQL 5.7.31,966274018,855829815,903512,42832,460,46,0.21,0.25,0,1,1,0,0
asset_030,workstation,443/tcp open https nginx 1.18.0,859872154,871559510,186652,925231,211,4,0.179,0.924,1,0,1,0,0
asset_031,iot,1883/tcp open mqtt Mosquitto 1.6.9,937481956,42580226,901300,494554,113,26,0.817,0.46,1,0,0,0,0
asset_032,network_device,1883/tcp open mqtt Mosquitto 1.6.9,353468587,300147754,907339,73792,495,99,0.279,0.641,1,1,0,0,1
asset_033,server,443/tcp open https nginx 1.18.0,624403479,286042337,41115,114668,305,56,0.346,0.786,1,0,1,0,1
asset_034,workstation,22/tcp open ssh OpenSSH 8.2p1,762052404,469213197,2773,546175,473,69,0.687,0.94,0,1,1,0,1
asset_035,iot,5900/tcp open vnc VNC protocol 3.8,338064353,713306873,890208,131679,368,39,0.507,0.667,1,1,1,0,0
asset_036,network_device,1883/tcp open mqtt Mosquitto 1.6.9,714962536,408104143,711219,785475,462,23,0.616,0.301,0,1,1,0,1
asset_037,server,5900/tcp open vnc VNC protocol 3.8,652397897,703984810,338902,488575,226,57,0.676,0.511,0,0,1,1,0
asset_038,workstation,53/udp open domain BIND 9.16.1,723408848,334310361,236552,846742,101,19,0.024,0.245,1,0,1,1,0
asset_039,iot,1883/tcp open mqtt Mosquitto 1.6.9,531833445,430123992,256836,155739,335,89,0.006,0.751,0,1,0,0,1
asset_040,network_device,22/tcp open ssh OpenSSH 8.2p1,599509918,268574609,963037,890545,62,59,0.133,0.465,1,1,1,1,0
asset_041,server,161/udp open snmp SNMPv2c,484258726,279304807,789295,260249,430,82,0.277,0.778,1,0,1,1,0
asset_042,workstation,21/tcp open ftp vsftpd 3.0.3,252785565,292751878,353161,336239,457,70,0.081,0.151,1,0,0,0,1
asset_043,iot,1883/tcp open mqtt Mosquitto 1.6.9,356281184,583624278,489557,436970,31,27,0.833,0.389,0,1,1,0,1
asset_044,network_device,21/tcp open ftp vsftpd 3.0.3,810037759,419744974,895905,935953,488,54,0.538,0.735,0,1,0,1,1
asset_045,server,161/udp open snmp SNMPv2c,32165166,418532243,353457,702364,347,52,0.724,0.841,0,0,1,0,0
asset_046,workstation,1883/tcp open mqtt Mosquitto 1.6.9,146706210,931774552,485125,191556,25,34,0.379,0.212,1,1,1,1,1
asset_047,iot,21/tcp open ftp vsftpd 3.0.3,897478772,88946147,494152,21324,383,70,0.052,0.952,0,0,0,0,0
asset_048,network_device,53/udp open domain BIND 9.16.1,902115118,22882877,652517,160784,122,17,0.474,0.114,0,1,1,1,0
asset_049,server,5900/tcp open vnc VNC protocol 3.8,653027025,804079055,754252,121096,398,21,0.965,0.108,0,1,1,1,0
asset_050,workstation,80/tcp open http Apache httpd 2.4.41,636760237,742541582,871917,658711,124,14,0.697,0.302,0,0,1,1,1
asset_051,iot,80/tcp open http Apache httpd 2.4.41,544271261,696294275,358806,14266,434,54,0.822,0.106,1,1,0,1,0
asset_052,network_device,8080/tcp open http-proxy Squid 4.10,699423334,290998761,646830,848458,470,69,0.775,0.465,1,1,0,0,1
asset_053,server,161/udp open snmp SNMPv2c,262846370,806817775,488282,598530,312,86,0.379,0.029,1,0,1,0,1
asset_054,workstation,21/tcp open ftp vsftpd 3.0.3,366436049,301281010,924082,626113,359,36,0.556,0.517,0,0,0,1,1
asset_055,iot,8080/tcp open http-proxy Squid 4.10,815073098,259045858,725156,500219,330,92,0.491,0.793,0,1,0,1,0
asset_056,network_device,21/tcp open ftp vsftpd 3.0.3,713921644,625440558,387945,497249,283,68,0.344,0.997,1,1,1,1,1
asset_057,server,21/tcp open ftp vsftpd 3.0.3,248538338,130553265,757321,202939,161,16,0.743,0.951,0,0,0,1,1
asset_058,workstation,5900/tcp open vnc VNC protocol 3.8,817267011,564324548,626780,297745,51,25,0.296,0.361,1,0,0,1,0
asset_059,iot,22/tcp open ssh OpenSSH 8.2p1,595164665,314679331,732295,990949,64,82,0.868,0.491,0,1,1,1,1
asset_060,network_device,3306/tcp open mysql MySQL 5.7.31,198958983,56165334,265742,987776,441,62,0.114,0.065,1,0,0,0,0
asset_061,server,5900/tcp open vnc VNC protocol 3.8,327240903,92462297,261247,125205,285,98,0.416,0.596,0,1,1,1,1
asset_062,workstation,5900/tcp open vnc VNC protocol 3.8,461452529,328899537,597251,652194,30,79,0.96,0.099,0,0,1,0,0
asset_063,iot,53/udp open domain BIND 9.16.1,187630878,593697161,79711,165136,1,53,0.451,0.594,1,0,0,1,1
asset_064,network_device,161/udp open snmp SNMPv2c,77428684,739073939,245762,969790,135,81,0.59,0.804,0,1,0,0,0
asset_065,server,21/tcp open ftp vsftpd 3.0.3,888588450,153725050,75878,63535,84,40,0.595,0.824,1,1,0,1,1
asset_066,workstation,1883/tcp open mqtt Mosquitto 1.6.9,293322121,538377910,567211,518781,224,11,0.598,0.889,1,1,0,0,0
asset_067,iot,5900/tcp open vnc VNC protocol 3.8,631418447,23275263,802909,705938,420,35,0.576,0.763,0,1,1,1,0
asset_068,network_device,5900/tcp open vnc VNC protocol 3.8,469027936,682594897,854797,516611,496,12,0.47,0.408,1,0,0,1,1
asset_069,server,161/udp open snmp SNMPv2c,310471503,712443654,992107,420904,416,98,0.55,0.455,1,1,1,0,1
asset_070,workstation,8080/tcp open http-proxy Squid 4.10,886758835,2235946,690606,912597,277,60,0.413,0.188,1,1,1,0,0
asset_071,iot,21/tcp open ftp vsftpd 3.0.3,590720101,141674381,973735,303020,224,90,0.485,0.029,0,0,1,0,1
asset_072,network_device,80/tcp open http Apache httpd 2.4.41,242270488,904452470,958276,119972,236,16,0.648,0.154,1,1,1,1,1
asset_073,server,53/udp open domain BIND 9.16.1,491470737,592916368,152668,403219,97,77,0.508,0.879,0,1,1,1,1
asset_074,workstation,22/tcp open ssh OpenSSH 8.2p1,304696046,780591310,314058,879157,300,75,0.999,0.49,0,1,1,1,1
asset_075,iot,8080/tcp open http-proxy Squid 4.10,820128302,584503591,396533,478463,477,42,0.87,0.981,0,1,0,1,0
asset_076,network_device,3306/tcp open mysql MySQL 5.7.31,800621068,508854378,740485,958800,415,49,0.386,0.664,0,1,0,0,1
asset_077,server,80/tcp open http Apache httpd 2.4.41,939654765,908354172,462694,105555,269,59,0.015,0.144,0,0,1,1,1
asset_078,workstation,5900/tcp open vnc VNC protocol 3.8,744785903,427794469,682403,85216,436,43,0.852,0.859,1,1,1,0,0
asset_079,iot,53/udp open domain BIND 9.16.1,678703980,735868441,966664,302338,116,96,0.09,0.978,0,1,0,1,0
asset_080,network_device,22/tcp open ssh OpenSSH 8.2p1,349294647,855852540,59845,308618,183,48,0.431,0.244,1,0,0,0,0
asset_081,server,5900/tcp open vnc VNC protocol 3.8,936056899,411753814,650813,717318,123,64,0.913,0.143,1,1,1,1,0
asset_082,workstation,161/udp open snmp SNMPv2c,968666251,309842146,711526,574149,80,10,0.442,0.346,1,1,1,1,1
asset_083,iot,53/udp open domain BIND 9.16.1,414061224,917261972,507680,112834,121,49,0.572,0.575,1,0,1,1,0
asset_084,network_device,5900/tcp open vnc VNC protocol 3.8,929859046,737371599,817118,781841,498,7,0.911,0.745,1,0,1,0,0
asset_085,server,5900/tcp open vnc VNC protocol 3.8,270108475,728744047,793280,756948,392,85,0.681,0.137,0,0,1,1,0
asset_086,workstation,5900/tcp open vnc VNC protocol 3.8,392766764,787365312,138795,95511,465,38,0.327,0.416,0,0,1,1,0
asset_087,iot,21/tcp open ftp vsftpd 3.0.3,982452587,886503942,991052,506254,495,38,0.747,0.339,0,1,0,0,0
asset_088,network_device,1883/tcp open mqtt Mosquitto 1.6.9,909111216,864919401,585384,384542,46,51,0.014,0.537,1,1,1,1,1
asset_089,server,80/tcp open http Apache httpd 2.4.41,725600232,252064359,495379,27240,317,72,0.328,0.61,0,1,1,1,0
asset_090,workstation,443/tcp open https nginx 1.18.0,49690765,40956218,320149,517554,59,13,0.235,0.538,1,1,1,1,0
asset_091,iot,1883/tcp open mqtt Mosquitto 1.6.9,704217037,107323670,875190,514117,315,53,0.939,0.28,1,0,1,1,0
asset_092,network_device,3306/tcp open mysql MySQL 5.7.31,107681214,737243579,386178,571913,461,83,0.359,0.398,0,0,1,0,0
asset_093,server,5900/tcp open vnc VNC protocol 3.8,23932394,55308262,826013,350709,124,17,0.787,0.205,0,0,0,1,0
asset_094,workstation,5900/tcp open vnc VNC protocol 3.8,4044648,298721596,901104,152716,66,70,0.251,0.174,0,0,0,1,0
asset_095,iot,5900/tcp open vnc VNC protocol 3.8,348646966,17944811,183710,279258,26,17,0.742,0.526,0,1,1,1,0
asset_096,network_device,161/udp open snmp SNMPv2c,541992677,238887233,992340,645986,22,94,0.783,0.867,1,1,0,0,1
asset_097,server,1883/tcp open mqtt Mosquitto 1.6.9,458707813,737691577,114206,515084,364,57,0.073,0.081,0,0,0,1,1
asset_098,workstation,1883/tcp open mqtt Mosquitto 1.6.9,642444618,570681065,310222,476755,258,78,0.43,0.793,0,0,1,1,0
asset_099,iot,1883/tcp open mqtt Mosquitto 1.6.9,364925049,889434627,476528,419098,212,94,0.095,0.427,1,1,0,1,0
asset_100,network_device,80/tcp open http Apache httpd 2.4.41,894108266,92659287,98758,453855,49,96,0.739,0.812,0,1,0,1,1
